source,title,link,summary,published,text,CVEs,Category
thehackernews.com,"GeoServer Exploits, PolarEdge, and Gayfemboy Push Cybercrime Beyond Traditional Botnets",https://thehackernews.com/2025/08/geoserver-exploits-polaredge-and.html,"Cybersecurity researchers are calling attention to multiple campaigns that leverage known security vulnerabilities and expose Redis servers to various malicious activities, including leveraging the compromised devices as IoT botnets, residential proxies, or cryptocurrency mining infrastructure.
The first set of attacks entails the exploitation of CVE-2024-36401 (CVSS score: 9.8), a critical",2025-08-23 07:38:00+00:00,"GeoServer Exploits, PolarEdge, and Gayfemboy Push Cybercrime Beyond Traditional Botnets Cybersecurity researchers are calling attention to multiple campaigns that leverage known security vulnerabilities and expose Redis servers to various malicious activities, including leveraging the compromised devices as IoT botnets, residential proxies, or cryptocurrency mining infrastructure.
The first set of attacks entails the exploitation of CVE-2024-36401 (CVSS score: 9.8), a critical",[],Vulnerability
thehackernews.com,Linux Malware Delivered via Malicious RAR Filenames Evades Antivirus Detection,https://thehackernews.com/2025/08/linux-malware-delivered-via-malicious.html,"Cybersecurity researchers have shed light on a novel attack chain that employs phishing emails to deliver an open-source backdoor called VShell.
The ""Linux-specific malware infection chain that starts with a spam email with a malicious RAR archive file,"" Trellix researcher Sagar Bade said in a technical write-up.
""The payload isn't hidden inside the file content or a macro, it's encoded directly",2025-08-22 14:31:00+00:00,"Linux Malware Delivered via Malicious RAR Filenames Evades Antivirus Detection Cybersecurity researchers have shed light on a novel attack chain that employs phishing emails to deliver an open-source backdoor called VShell.
The ""Linux-specific malware infection chain that starts with a spam email with a malicious RAR archive file,"" Trellix researcher Sagar Bade said in a technical write-up.
""The payload isn't hidden inside the file content or a macro, it's encoded directly",[],Malware
thehackernews.com,"Chinese Hackers Murky, Genesis, and Glacial Panda Escalate Cloud and Telecom Espionage",https://thehackernews.com/2025/08/chinese-hackers-murky-genesis-and.html,"Cybersecurity researchers are calling attention to malicious activity orchestrated by a China-nexus cyber espionage group known as Murky Panda that involves abusing trusted relationships in the cloud to breach enterprise networks.
""The adversary has also shown considerable ability to quickly weaponize N-day and zero-day vulnerabilities and frequently achieves initial access to their targets by",2025-08-22 11:06:00+00:00,"Chinese Hackers Murky, Genesis, and Glacial Panda Escalate Cloud and Telecom Espionage Cybersecurity researchers are calling attention to malicious activity orchestrated by a China-nexus cyber espionage group known as Murky Panda that involves abusing trusted relationships in the cloud to breach enterprise networks.
""The adversary has also shown considerable ability to quickly weaponize N-day and zero-day vulnerabilities and frequently achieves initial access to their targets by",[],Other
thehackernews.com,Automation Is Redefining Pentest Delivery,https://thehackernews.com/2025/08/automation-is-redefining-pentest.html,"Pentesting remains one of the most effective ways to identify real-world security weaknesses before adversaries do. But as the threat landscape has evolved, the way we deliver pentest results hasn't kept pace.
Most organizations still rely on traditional reporting methods‚Äîstatic PDFs, emailed documents, and spreadsheet-based tracking. The problem? These outdated workflows introduce delays,",2025-08-22 11:06:00+00:00,"Automation Is Redefining Pentest Delivery Pentesting remains one of the most effective ways to identify real-world security weaknesses before adversaries do. But as the threat landscape has evolved, the way we deliver pentest results hasn't kept pace.
Most organizations still rely on traditional reporting methods‚Äîstatic PDFs, emailed documents, and spreadsheet-based tracking. The problem? These outdated workflows introduce delays,",[],Other
thehackernews.com,"INTERPOL Arrests 1,209 Cybercriminals Across 18 African Nations in Global Crackdown",https://thehackernews.com/2025/08/interpol-arrests-1209-cybercriminals.html,"INTERPOL on Friday announced that authorities from 18 countries across Africa have arrested 1,209 cybercriminals who targeted 88,000 victims.
""The crackdown recovered $97.4 million and dismantled 11,432 malicious infrastructures, underscoring the global reach of cybercrime and the urgent need for cross-border cooperation,"" the agency said.
The effort is the second phase of an ongoing law",2025-08-22 11:05:00+00:00,"INTERPOL Arrests 1,209 Cybercriminals Across 18 African Nations in Global Crackdown INTERPOL on Friday announced that authorities from 18 countries across Africa have arrested 1,209 cybercriminals who targeted 88,000 victims.
""The crackdown recovered $97.4 million and dismantled 11,432 malicious infrastructures, underscoring the global reach of cybercrime and the urgent need for cross-border cooperation,"" the agency said.
The effort is the second phase of an ongoing law",[],Other
thehackernews.com,Ex-Developer Jailed Four Years for Sabotaging Ohio Employer with Kill-Switch Malware,https://thehackernews.com/2025/08/ex-developer-jailed-four-years-for.html,"A 55-year-old Chinese national has been sentenced to four years in prison and three years of supervised release for sabotaging his former employer's network with custom malware and deploying a kill switch that locked out employees when his account was disabled.
Davis Lu, 55, of Houston, Texas, was convicted of causing intentional damage to protected computers in March 2025. He was arrested and",2025-08-22 06:04:00+00:00,"Ex-Developer Jailed Four Years for Sabotaging Ohio Employer with Kill-Switch Malware A 55-year-old Chinese national has been sentenced to four years in prison and three years of supervised release for sabotaging his former employer's network with custom malware and deploying a kill switch that locked out employees when his account was disabled.
Davis Lu, 55, of Houston, Texas, was convicted of causing intentional damage to protected computers in March 2025. He was arrested and",[],Malware
thehackernews.com,Pre-Auth Exploit Chains Found in Commvault Could Enable Remote Code Execution Attacks,https://thehackernews.com/2025/08/pre-auth-exploit-chains-found-in.html,"Commvault has released updates to address four security gaps that could be exploited to achieve remote code execution on susceptible instances.
The list of vulnerabilities, identified in Commvault versions before 11.36.60, is as follows -

CVE-2025-57788 (CVSS score: 6.9) - A vulnerability in a known login mechanism allows unauthenticated attackers to execute API calls without requiring user",2025-08-21 16:38:00+00:00,"Pre-Auth Exploit Chains Found in Commvault Could Enable Remote Code Execution Attacks Commvault has released updates to address four security gaps that could be exploited to achieve remote code execution on susceptible instances.
The list of vulnerabilities, identified in Commvault versions before 11.36.60, is as follows -

CVE-2025-57788 (CVSS score: 6.9) - A vulnerability in a known login mechanism allows unauthenticated attackers to execute API calls without requiring user",[],Vulnerability
thehackernews.com,Cybercriminals Deploy CORNFLAKE.V3 Backdoor via ClickFix Tactic and Fake CAPTCHA Pages,https://thehackernews.com/2025/08/cybercriminals-deploy-cornflakev3.html,"Threat actors have been observed leveraging the deceptive social engineering tactic known as ClickFix to deploy a versatile backdoor codenamed CORNFLAKE.V3.
Google-owned Mandiant described the activity, which it tracks as UNC5518, as part of an access-as-a-service scheme that employs fake CAPTCHA pages as lures to trick users into providing initial access to their systems, which is then",2025-08-21 16:25:00+00:00,"Cybercriminals Deploy CORNFLAKE.V3 Backdoor via ClickFix Tactic and Fake CAPTCHA Pages Threat actors have been observed leveraging the deceptive social engineering tactic known as ClickFix to deploy a versatile backdoor codenamed CORNFLAKE.V3.
Google-owned Mandiant described the activity, which it tracks as UNC5518, as part of an access-as-a-service scheme that employs fake CAPTCHA pages as lures to trick users into providing initial access to their systems, which is then",[],Other
thehackernews.com,Weak Passwords and Compromised Accounts: Key Findings from the Blue Report 2025,https://thehackernews.com/2025/08/weak-passwords-and-compromised-accounts.html,"As security professionals, it's easy to get caught up in a race to counter the latest advanced adversary techniques. Yet the most impactful attacks often aren't from cutting-edge exploits, but from cracked credentials and compromised accounts. Despite widespread awareness of this threat vector, Picus Security's Blue Report 2025 shows that organizations continue to struggle with preventing",2025-08-21 10:50:00+00:00,"Weak Passwords and Compromised Accounts: Key Findings from the Blue Report 2025 As security professionals, it's easy to get caught up in a race to counter the latest advanced adversary techniques. Yet the most impactful attacks often aren't from cutting-edge exploits, but from cracked credentials and compromised accounts. Despite widespread awareness of this threat vector, Picus Security's Blue Report 2025 shows that organizations continue to struggle with preventing",[],Other
thehackernews.com,"Hackers Using New QuirkyLoader Malware to Spread Agent Tesla, AsyncRAT and Snake Keylogger",https://thehackernews.com/2025/08/hackers-using-new-quirkyloader-malware.html,"Cybersecurity researchers have disclosed details of a new malware loader called QuirkyLoader that's being used to deliver via email spam campaigns an array of next-stage payloads ranging from information stealers to remote access trojans since November 2024.
Some of the notable malware families distributed using QuirkyLoader include Agent Tesla, AsyncRAT, Formbook, Masslogger, Remcos RAT,",2025-08-21 10:41:00+00:00,"Hackers Using New QuirkyLoader Malware to Spread Agent Tesla, AsyncRAT and Snake Keylogger Cybersecurity researchers have disclosed details of a new malware loader called QuirkyLoader that's being used to deliver via email spam campaigns an array of next-stage payloads ranging from information stealers to remote access trojans since November 2024.
Some of the notable malware families distributed using QuirkyLoader include Agent Tesla, AsyncRAT, Formbook, Masslogger, Remcos RAT,",[],Malware
thehackernews.com,"Scattered Spider Hacker Gets 10 Years, $13M Restitution for SIM Swapping Crypto Theft",https://thehackernews.com/2025/08/scattered-spider-hacker-gets-10-years.html,"A 20-year-old member of the notorious cybercrime gang known as Scattered Spider has been sentenced to ten years in prison in the U.S. in connection with a series of major hacks and cryptocurrency thefts.
Noah Michael Urban pleaded guilty to charges related to wire fraud and aggravated identity theft back in April 2025. News of Urban's sentencing was reported by Bloomberg and Jacksonville news",2025-08-21 06:45:00+00:00,"Scattered Spider Hacker Gets 10 Years, $13M Restitution for SIM Swapping Crypto Theft A 20-year-old member of the notorious cybercrime gang known as Scattered Spider has been sentenced to ten years in prison in the U.S. in connection with a series of major hacks and cryptocurrency thefts.
Noah Michael Urban pleaded guilty to charges related to wire fraud and aggravated identity theft back in April 2025. News of Urban's sentencing was reported by Bloomberg and Jacksonville news",[],Other
thehackernews.com,"Apple Patches CVE-2025-43300 Zero-Day in iOS, iPadOS, and macOS Exploited in Targeted Attacks",https://thehackernews.com/2025/08/apple-patches-cve-2025-43300-zero-day.html,"Apple has released security updates to address a security flaw impacting iOS, iPadOS, and macOS that it said has come under active exploitation in the wild.
The zero-day out-of-bounds write vulnerability, tracked as CVE-2025-43300 (CVSS score: 8.8), resides in the ImageIO framework that could result in memory corruption when processing a malicious image.
""Apple is aware of a report that this",2025-08-21 04:47:00+00:00,"Apple Patches CVE-2025-43300 Zero-Day in iOS, iPadOS, and macOS Exploited in Targeted Attacks Apple has released security updates to address a security flaw impacting iOS, iPadOS, and macOS that it said has come under active exploitation in the wild.
The zero-day out-of-bounds write vulnerability, tracked as CVE-2025-43300 (CVSS score: 8.8), resides in the ImageIO framework that could result in memory corruption when processing a malicious image.
""Apple is aware of a report that this",['CVE-2025-43300'],Vulnerability
thehackernews.com,DOM-Based Extension Clickjacking Exposes Popular Password Managers to Credential and Data Theft,https://thehackernews.com/2025/08/dom-based-extension-clickjacking.html,"Popular password manager plugins for web browsers have been found susceptible to clickjacking security vulnerabilities that could be exploited to steal account credentials, two-factor authentication (2FA) codes, and credit card details under certain conditions.
The technique has been dubbed Document Object Model (DOM)-based extension clickjacking by independent security researcher Marek T√≥th,",2025-08-20 17:54:00+00:00,"DOM-Based Extension Clickjacking Exposes Popular Password Managers to Credential and Data Theft Popular password manager plugins for web browsers have been found susceptible to clickjacking security vulnerabilities that could be exploited to steal account credentials, two-factor authentication (2FA) codes, and credit card details under certain conditions.
The technique has been dubbed Document Object Model (DOM)-based extension clickjacking by independent security researcher Marek T√≥th,",[],Other
thehackernews.com,üïµÔ∏è Webinar: Discover and Control Shadow AI Agents in Your Enterprise Before Hackers Do,https://thehackernews.com/2025/08/webinar-discover-and-control-shadow-ai.html,"Do you know how many AI agents are running inside your business right now?
If the answer is ‚Äúnot sure,‚Äù you‚Äôre not alone‚Äîand that‚Äôs exactly the concern.
Across industries, AI agents are being set up every day. Sometimes by IT, but often by business units moving fast to get results. That means agents are running quietly in the background‚Äîwithout proper IDs, without owners, and without logs of",2025-08-20 17:25:00+00:00,"üïµÔ∏è Webinar: Discover and Control Shadow AI Agents in Your Enterprise Before Hackers Do Do you know how many AI agents are running inside your business right now?
If the answer is ‚Äúnot sure,‚Äù you‚Äôre not alone‚Äîand that‚Äôs exactly the concern.
Across industries, AI agents are being set up every day. Sometimes by IT, but often by business units moving fast to get results. That means agents are running quietly in the background‚Äîwithout proper IDs, without owners, and without logs of",[],Other
thehackernews.com,FBI Warns FSB-Linked Hackers Exploiting Unpatched Cisco Devices for Cyber Espionage,https://thehackernews.com/2025/08/fbi-warns-russian-fsb-linked-hackers.html,"A Russian state-sponsored cyber espionage group known as Static Tundra has been observed actively exploiting a seven-year-old security flaw in Cisco IOS and Cisco IOS XE software as a means to establish persistent access to target networks.
Cisco Talos, which disclosed details of the activity, said the attacks single out organizations in telecommunications, higher education and manufacturing",2025-08-20 15:59:00+00:00,"FBI Warns FSB-Linked Hackers Exploiting Unpatched Cisco Devices for Cyber Espionage A Russian state-sponsored cyber espionage group known as Static Tundra has been observed actively exploiting a seven-year-old security flaw in Cisco IOS and Cisco IOS XE software as a means to establish persistent access to target networks.
Cisco Talos, which disclosed details of the activity, said the attacks single out organizations in telecommunications, higher education and manufacturing",[],Vulnerability
thehackernews.com,Experts Find AI Browsers Can Be Tricked by PromptFix Exploit to Run Malicious Hidden Prompts,https://thehackernews.com/2025/08/experts-find-ai-browsers-can-be-tricked.html,"Cybersecurity researchers have demonstrated a new prompt injection technique called PromptFix that tricks a generative artificial intelligence (GenAI) model into carrying out intended actions by embedding the malicious instruction inside a fake CAPTCHA check on a web page.
Described by Guardio Labs an ""AI-era take on the ClickFix scam,"" the attack technique demonstrates how AI-driven browsers,",2025-08-20 13:01:00+00:00,"Experts Find AI Browsers Can Be Tricked by PromptFix Exploit to Run Malicious Hidden Prompts Cybersecurity researchers have demonstrated a new prompt injection technique called PromptFix that tricks a generative artificial intelligence (GenAI) model into carrying out intended actions by embedding the malicious instruction inside a fake CAPTCHA check on a web page.
Described by Guardio Labs an ""AI-era take on the ClickFix scam,"" the attack technique demonstrates how AI-driven browsers,",[],Vulnerability
thehackernews.com,From Impact to Action: Turning BIA Insights Into Resilient Recovery,https://thehackernews.com/2025/08/turning-bia-insights-into-resilient-recovery.html,"Modern businesses face a rapidly evolving and expanding threat landscape, but what does this mean for your business? It means a growing number of risks, along with an increase in their frequency, variety, complexity, severity, and potential business impact.
The real question is, ‚ÄúHow do you tackle these rising threats?‚Äù The answer lies in having a robust BCDR strategy. However, to build a",2025-08-20 10:30:00+00:00,"From Impact to Action: Turning BIA Insights Into Resilient Recovery Modern businesses face a rapidly evolving and expanding threat landscape, but what does this mean for your business? It means a growing number of risks, along with an increase in their frequency, variety, complexity, severity, and potential business impact.
The real question is, ‚ÄúHow do you tackle these rising threats?‚Äù The answer lies in having a robust BCDR strategy. However, to build a",[],Other
thehackernews.com,North Korea Uses GitHub in Diplomat Cyber Attacks as IT Worker Scheme Hits 320+ Firms,https://thehackernews.com/2025/08/north-korea-uses-github-in-diplomat.html,"North Korean threat actors have been attributed to a coordinated cyber espionage campaign targeting diplomatic missions in their southern counterpart between March and July 2025.
The activity manifested in the form of at least 19 spear-phishing emails that impersonated trusted diplomatic contacts with the goal of luring embassy staff and foreign ministry personnel with convincing meeting invites",2025-08-20 09:18:00+00:00,"North Korea Uses GitHub in Diplomat Cyber Attacks as IT Worker Scheme Hits 320+ Firms North Korean threat actors have been attributed to a coordinated cyber espionage campaign targeting diplomatic missions in their southern counterpart between March and July 2025.
The activity manifested in the form of at least 19 spear-phishing emails that impersonated trusted diplomatic contacts with the goal of luring embassy staff and foreign ministry personnel with convincing meeting invites",[],Other
thehackernews.com,"DOJ Charges 22-Year-Old for Running RapperBot Botnet Behind 370,000 DDoS Attacks",https://thehackernews.com/2025/08/doj-charges-22-year-old-for-running.html,"A 22-year-old man from the U.S. state of Oregon has been charged with allegedly developing and overseeing a distributed denial-of-service (DDoS)-for-hire botnet called RapperBot.
Ethan Foltz of Eugene, Oregon, has been identified as the administrator of the service, the U.S. Department of Justice (DoJ) said. The botnet has been used to carry out large-scale DDoS-for-hire attacks targeting",2025-08-20 04:19:00+00:00,"DOJ Charges 22-Year-Old for Running RapperBot Botnet Behind 370,000 DDoS Attacks A 22-year-old man from the U.S. state of Oregon has been charged with allegedly developing and overseeing a distributed denial-of-service (DDoS)-for-hire botnet called RapperBot.
Ethan Foltz of Eugene, Oregon, has been identified as the administrator of the service, the U.S. Department of Justice (DoJ) said. The botnet has been used to carry out large-scale DDoS-for-hire attacks targeting",[],Other
thehackernews.com,Apache ActiveMQ Flaw Exploited to Deploy DripDropper Malware on Cloud Linux Systems,https://thehackernews.com/2025/08/apache-activemq-flaw-exploited-to.html,"Threat actors are exploiting a nearly two-year-old security flaw in Apache ActiveMQ to gain persistent access to cloud Linux systems and deploy malware called DripDropper.
But in an unusual twist, the unknown attackers have been observed patching the exploited vulnerability after securing initial access to prevent further exploitation by other adversaries and evade detection, Red Canary said in",2025-08-19 17:37:00+00:00,"Apache ActiveMQ Flaw Exploited to Deploy DripDropper Malware on Cloud Linux Systems Threat actors are exploiting a nearly two-year-old security flaw in Apache ActiveMQ to gain persistent access to cloud Linux systems and deploy malware called DripDropper.
But in an unusual twist, the unknown attackers have been observed patching the exploited vulnerability after securing initial access to prevent further exploitation by other adversaries and evade detection, Red Canary said in",[],Malware
thehackernews.com,New GodRAT Trojan Targets Trading Firms Using Steganography and Gh0st RAT Code,https://thehackernews.com/2025/08/new-godrat-trojan-targets-trading-firms.html,"Financial institutions like trading and brokerage firms are the target of a new campaign that delivers a previously unreported remote access trojan called GodRAT.
The malicious activity involves the ""distribution of malicious .SCR (screen saver) files disguised as financial documents via Skype messenger,"" Kaspersky researcher Saurabh Sharma said in a technical analysis published today.
The",2025-08-19 14:33:00+00:00,"New GodRAT Trojan Targets Trading Firms Using Steganography and Gh0st RAT Code Financial institutions like trading and brokerage firms are the target of a new campaign that delivers a previously unreported remote access trojan called GodRAT.
The malicious activity involves the ""distribution of malicious .SCR (screen saver) files disguised as financial documents via Skype messenger,"" Kaspersky researcher Saurabh Sharma said in a technical analysis published today.
The",[],Malware
thehackernews.com,Public Exploit for Chained SAP Flaws Exposes Unpatched Systems to Remote Code Execution,https://thehackernews.com/2025/08/public-exploit-for-chained-sap-flaws.html,"A new exploit combining two critical, now-patched security flaws in SAP NetWeaver has emerged in the wild, putting organizations at risk of system compromise and data theft.
The exploit in question chains together CVE-2025-31324 and CVE-2025-42999 to bypass authentication and achieve remote code execution, SAP security company Onapsis said.

CVE-2025-31324 (CVSS score: 10.0) - Missing",2025-08-19 13:00:00+00:00,"Public Exploit for Chained SAP Flaws Exposes Unpatched Systems to Remote Code Execution A new exploit combining two critical, now-patched security flaws in SAP NetWeaver has emerged in the wild, putting organizations at risk of system compromise and data theft.
The exploit in question chains together CVE-2025-31324 and CVE-2025-42999 to bypass authentication and achieve remote code execution, SAP security company Onapsis said.

CVE-2025-31324 (CVSS score: 10.0) - Missing",[],Vulnerability
thehackernews.com,U.K. Government Drops Apple Encryption Backdoor Order After U.S. Civil Liberties Pushback,https://thehackernews.com/2025/08/uk-government-drops-apple-encryption.html,"The U.K. government has apparently abandoned its plans to force Apple to weaken encryption protections and include a backdoor that would have enabled access to the protected data of U.S. citizens.
U.S. Director of National Intelligence (DNI) Tulsi Gabbard, in a statement posted on X, said the U.S. government had been working with its partners with the U.K. over the past few months to ensure that",2025-08-19 11:24:00+00:00,"U.K. Government Drops Apple Encryption Backdoor Order After U.S. Civil Liberties Pushback The U.K. government has apparently abandoned its plans to force Apple to weaken encryption protections and include a backdoor that would have enabled access to the protected data of U.S. citizens.
U.S. Director of National Intelligence (DNI) Tulsi Gabbard, in a statement posted on X, said the U.S. government had been working with its partners with the U.K. over the past few months to ensure that",[],Other
thehackernews.com,Why Your Security Culture is Critical to Mitigating Cyber Risk,https://thehackernews.com/2025/08/why-your-security-culture-is-critical.html,"After two decades of developing increasingly mature security architectures, organizations are running up against a hard truth: tools and technologies alone are not enough to mitigate cyber risk. As tech stacks have grown more sophisticated and capable, attackers have shifted their focus. They are no longer focusing on infrastructure vulnerabilities alone. Instead, they are increasingly",2025-08-19 11:15:00+00:00,"Why Your Security Culture is Critical to Mitigating Cyber Risk After two decades of developing increasingly mature security architectures, organizations are running up against a hard truth: tools and technologies alone are not enough to mitigate cyber risk. As tech stacks have grown more sophisticated and capable, attackers have shifted their focus. They are no longer focusing on infrastructure vulnerabilities alone. Instead, they are increasingly",[],Other
thehackernews.com,"PyPI Blocks 1,800 Expired-Domain Emails to Prevent Account Takeovers and Supply Chain Attacks",https://thehackernews.com/2025/08/pypi-blocks-1800-expired-domain-emails.html,"The maintainers of the Python Package Index (PyPI) repository have announced that the package manager now checks for expired domains to prevent supply chain attacks.
""These changes improve PyPI's overall account security posture, making it harder for attackers to exploit expired domain names to gain unauthorized access to accounts,"" Mike Fiedler, PyPI safety and security engineer at the Python",2025-08-19 06:36:00+00:00,"PyPI Blocks 1,800 Expired-Domain Emails to Prevent Account Takeovers and Supply Chain Attacks The maintainers of the Python Package Index (PyPI) repository have announced that the package manager now checks for expired domains to prevent supply chain attacks.
""These changes improve PyPI's overall account security posture, making it harder for attackers to exploit expired domain names to gain unauthorized access to accounts,"" Mike Fiedler, PyPI safety and security engineer at the Python",[],Other
thehackernews.com,Noodlophile Malware Campaign Expands Global Reach with Copyright Phishing Lures,https://thehackernews.com/2025/08/noodlophile-malware-campaign-expands.html,"The threat actors behind the Noodlophile malware are leveraging spear-phishing emails and updated delivery mechanisms to deploy the information stealer in attacks aimed at enterprises located in the U.S., Europe, Baltic countries, and the Asia-Pacific (APAC) region.
""The Noodlophile campaign, active for over a year, now leverages advanced spear-phishing emails posing as copyright infringement",2025-08-18 19:24:00+00:00,"Noodlophile Malware Campaign Expands Global Reach with Copyright Phishing Lures The threat actors behind the Noodlophile malware are leveraging spear-phishing emails and updated delivery mechanisms to deploy the information stealer in attacks aimed at enterprises located in the U.S., Europe, Baltic countries, and the Asia-Pacific (APAC) region.
""The Noodlophile campaign, active for over a year, now leverages advanced spear-phishing emails posing as copyright infringement",[],Malware
thehackernews.com,Microsoft Windows Vulnerability Exploited to Deploy PipeMagic RansomExx Malware,https://thehackernews.com/2025/08/microsoft-windows-vulnerability.html,"Cybersecurity researchers have lifted the lid on the threat actors' exploitation of a now-patched security flaw in Microsoft Windows to deploy the PipeMagic malware in RansomExx ransomware attacks.
The attacks involve the exploitation of CVE-2025-29824, a privilege escalation vulnerability impacting the Windows Common Log File System (CLFS) that was addressed by Microsoft in April 2025,",2025-08-18 16:03:00+00:00,"Microsoft Windows Vulnerability Exploited to Deploy PipeMagic RansomExx Malware Cybersecurity researchers have lifted the lid on the threat actors' exploitation of a now-patched security flaw in Microsoft Windows to deploy the PipeMagic malware in RansomExx ransomware attacks.
The attacks involve the exploitation of CVE-2025-29824, a privilege escalation vulnerability impacting the Windows Common Log File System (CLFS) that was addressed by Microsoft in April 2025,",[],Malware
thehackernews.com,"‚ö° Weekly Recap: NFC Fraud, Curly COMrades, N-able Exploits, Docker Backdoors & More",https://thehackernews.com/2025/08/weekly-recap-nfc-fraud-curly-comrades-n.html,"Power doesn‚Äôt just disappear in one big breach. It slips away in the small stuff‚Äîa patch that‚Äôs missed, a setting that‚Äôs wrong, a system no one is watching. Security usually doesn‚Äôt fail all at once; it breaks slowly, then suddenly. Staying safe isn‚Äôt about knowing everything‚Äîit‚Äôs about acting fast and clear before problems pile up. Clarity keeps control. Hesitation creates risk.
Here are this",2025-08-18 12:47:00+00:00,"‚ö° Weekly Recap: NFC Fraud, Curly COMrades, N-able Exploits, Docker Backdoors & More Power doesn‚Äôt just disappear in one big breach. It slips away in the small stuff‚Äîa patch that‚Äôs missed, a setting that‚Äôs wrong, a system no one is watching. Security usually doesn‚Äôt fail all at once; it breaks slowly, then suddenly. Staying safe isn‚Äôt about knowing everything‚Äîit‚Äôs about acting fast and clear before problems pile up. Clarity keeps control. Hesitation creates risk.
Here are this",[],Vulnerability
thehackernews.com,Malicious PyPI and npm Packages Discovered Exploiting Dependencies in Supply Chain Attacks,https://thehackernews.com/2025/08/malicious-pypi-and-npm-packages.html,"Cybersecurity researchers have discovered a malicious package in the Python Package Index (PyPI) repository that introduces malicious behavior through a dependency that allows it to establish persistence and achieve code execution.
The package, named termncolor, realizes its nefarious functionality through a dependency package called colorinal by means of a multi-stage malware operation, Zscaler",2025-08-18 10:56:00+00:00,"Malicious PyPI and npm Packages Discovered Exploiting Dependencies in Supply Chain Attacks Cybersecurity researchers have discovered a malicious package in the Python Package Index (PyPI) repository that introduces malicious behavior through a dependency that allows it to establish persistence and achieve code execution.
The package, named termncolor, realizes its nefarious functionality through a dependency package called colorinal by means of a multi-stage malware operation, Zscaler",[],Vulnerability
thehackernews.com,Wazuh for Regulatory Compliance,https://thehackernews.com/2025/08/wazuh-for-regulatory-compliance.html,"Organizations handling various forms of sensitive data or personally identifiable information (PII) require adherence to regulatory compliance standards and frameworks. These compliance standards also apply to organizations operating in regulated sectors such as healthcare, finance, government contracting, or education. Some of these standards and frameworks include, but are not limited to:",2025-08-18 10:15:00+00:00,"Wazuh for Regulatory Compliance Organizations handling various forms of sensitive data or personally identifiable information (PII) require adherence to regulatory compliance standards and frameworks. These compliance standards also apply to organizations operating in regulated sectors such as healthcare, finance, government contracting, or education. Some of these standards and frameworks include, but are not limited to:",[],Other
thehackernews.com,ERMAC V3.0 Banking Trojan Source Code Leak Exposes Full Malware Infrastructure,https://thehackernews.com/2025/08/ermac-v30-banking-trojan-source-code.html,"Cybersecurity researchers have detailed the inner workings of an Android banking trojan called ERMAC 3.0, uncovering serious shortcomings in the operators' infrastructure.
""The newly uncovered version 3.0 reveals a significant evolution of the malware, expanding its form injection and data theft capabilities to target more than 700 banking, shopping, and cryptocurrency applications,"" Hunt.io",2025-08-16 10:41:00+00:00,"ERMAC V3.0 Banking Trojan Source Code Leak Exposes Full Malware Infrastructure Cybersecurity researchers have detailed the inner workings of an Android banking trojan called ERMAC 3.0, uncovering serious shortcomings in the operators' infrastructure.
""The newly uncovered version 3.0 reveals a significant evolution of the malware, expanding its form injection and data theft capabilities to target more than 700 banking, shopping, and cryptocurrency applications,"" Hunt.io",[],Malware
thehackernews.com,Russian Group EncryptHub Exploits MSC EvilTwin Vulnerability to Deploy Fickle Stealer Malware,https://thehackernews.com/2025/08/russian-group-encrypthub-exploits-msc.html,"The threat actor known as EncryptHub is continuing to exploit a now-patched security flaw impacting Microsoft Windows to deliver malicious payloads.
Trustwave SpiderLabs said it recently observed an EncryptHub campaign that brings together social engineering and the exploitation of a vulnerability in the Microsoft Management Console (MMC) framework (CVE-2025-26633, aka MSC EvilTwin) to trigger",2025-08-16 05:34:00+00:00,"Russian Group EncryptHub Exploits MSC EvilTwin Vulnerability to Deploy Fickle Stealer Malware The threat actor known as EncryptHub is continuing to exploit a now-patched security flaw impacting Microsoft Windows to deliver malicious payloads.
Trustwave SpiderLabs said it recently observed an EncryptHub campaign that brings together social engineering and the exploitation of a vulnerability in the Microsoft Management Console (MMC) framework (CVE-2025-26633, aka MSC EvilTwin) to trigger",[],Malware
thehackernews.com,Taiwan Web Servers Breached by UAT-7237 Using Customized Open-Source Hacking Tools,https://thehackernews.com/2025/08/taiwan-web-servers-breached-by-uat-7237.html,"A Chinese-speaking advanced persistent threat (APT) actor has been observed targeting web infrastructure entities in Taiwan using customized versions of open-sourced tools with an aim to establish long-term access within high-value victim environments.
The activity has been attributed by Cisco Talos to an activity cluster it tracks as UAT-7237, which is believed to be active since at least 2022.",2025-08-15 16:20:00+00:00,"Taiwan Web Servers Breached by UAT-7237 Using Customized Open-Source Hacking Tools A Chinese-speaking advanced persistent threat (APT) actor has been observed targeting web infrastructure entities in Taiwan using customized versions of open-sourced tools with an aim to establish long-term access within high-value victim environments.
The activity has been attributed by Cisco Talos to an activity cluster it tracks as UAT-7237, which is believed to be active since at least 2022.",[],Data Breach
thehackernews.com,U.S. Sanctions Garantex and Grinex Over $100M in Ransomware-Linked Illicit Crypto Transactions,https://thehackernews.com/2025/08/us-sanctions-garantex-and-grinex-over.html,"The U.S. Department of the Treasury's Office of Foreign Assets Control (OFAC) on Thursday renewed sanctions against Russian cryptocurrency exchange platform Garantex for facilitating ransomware actors and other cybercriminals by processing more than $100 million in transactions linked to illicit activities since 2019.
The Treasury said it's also imposing sanctions on Garantex's successor, Grinex",2025-08-15 11:27:00+00:00,"U.S. Sanctions Garantex and Grinex Over $100M in Ransomware-Linked Illicit Crypto Transactions The U.S. Department of the Treasury's Office of Foreign Assets Control (OFAC) on Thursday renewed sanctions against Russian cryptocurrency exchange platform Garantex for facilitating ransomware actors and other cybercriminals by processing more than $100 million in transactions linked to illicit activities since 2019.
The Treasury said it's also imposing sanctions on Garantex's successor, Grinex",[],Malware
thehackernews.com,Zero Trust + AI: Privacy in the Age of Agentic AI,https://thehackernews.com/2025/08/zero-trust-ai-privacy-in-age-of-agentic.html,"We used to think of privacy as a perimeter problem: about walls and locks, permissions, and policies. But in a world where artificial agents are becoming autonomous actors ‚Äî interacting with data, systems, and humans without constant oversight ‚Äî privacy is no longer about control. It‚Äôs about trust. And trust, by definition, is about what happens when you‚Äôre not looking.
Agentic AI ‚Äî AI that",2025-08-15 11:00:00+00:00,"Zero Trust + AI: Privacy in the Age of Agentic AI We used to think of privacy as a perimeter problem: about walls and locks, permissions, and policies. But in a world where artificial agents are becoming autonomous actors ‚Äî interacting with data, systems, and humans without constant oversight ‚Äî privacy is no longer about control. It‚Äôs about trust. And trust, by definition, is about what happens when you‚Äôre not looking.
Agentic AI ‚Äî AI that",[],Other
thehackernews.com,Cisco Warns of CVSS 10.0 FMC RADIUS Flaw Allowing Remote Code Execution,https://thehackernews.com/2025/08/cisco-warns-of-cvss-100-fmc-radius-flaw.html,"Cisco has released security updates to address a maximum-severity security flaw in Secure Firewall Management Center (FMC) Software that could allow an attacker to execute arbitrary code on affected systems.
The vulnerability, assigned the CVE identifier CVE-2025-20265 (CVSS score: 10.0), affects the RADIUS subsystem implementation that could permit an unauthenticated, remote attacker to inject",2025-08-15 06:49:00+00:00,"Cisco Warns of CVSS 10.0 FMC RADIUS Flaw Allowing Remote Code Execution Cisco has released security updates to address a maximum-severity security flaw in Secure Firewall Management Center (FMC) Software that could allow an attacker to execute arbitrary code on affected systems.
The vulnerability, assigned the CVE identifier CVE-2025-20265 (CVSS score: 10.0), affects the RADIUS subsystem implementation that could permit an unauthenticated, remote attacker to inject",[],Other
thehackernews.com,New HTTP/2 'MadeYouReset' Vulnerability Enables Large-Scale DoS Attacks,https://thehackernews.com/2025/08/new-http2-madeyoureset-vulnerability.html,"Multiple HTTP/2 implementations have been found susceptible to a new attack technique called MadeYouReset that could be explored to conduct powerful denial-of-service (DoS) attacks.
""MadeYouReset bypasses the typical server-imposed limit of 100 concurrent HTTP/2 requests per TCP connection from a client. This limit is intended to mitigate DoS attacks by restricting the number of simultaneous",2025-08-14 15:20:00+00:00,"New HTTP/2 'MadeYouReset' Vulnerability Enables Large-Scale DoS Attacks Multiple HTTP/2 implementations have been found susceptible to a new attack technique called MadeYouReset that could be explored to conduct powerful denial-of-service (DoS) attacks.
""MadeYouReset bypasses the typical server-imposed limit of 100 concurrent HTTP/2 requests per TCP connection from a client. This limit is intended to mitigate DoS attacks by restricting the number of simultaneous",[],Vulnerability
thehackernews.com,Hackers Found Using CrossC2 to Expand Cobalt Strike Beacon‚Äôs Reach to Linux and macOS,https://thehackernews.com/2025/08/researchers-warn-crossc2-expands-cobalt.html,"Japan's CERT coordination center (JPCERT/CC) on Thursday revealed it observed incidents that involved the use of a command-and-control (C2) framework called CrossC2, which is designed to extend the functionality of Cobalt Strike to other platforms like Linux and Apple macOS for cross-platform system control.
The agency said the activity was detected between September and December 2024, targeting",2025-08-14 13:16:00+00:00,"Hackers Found Using CrossC2 to Expand Cobalt Strike Beacon‚Äôs Reach to Linux and macOS Japan's CERT coordination center (JPCERT/CC) on Thursday revealed it observed incidents that involved the use of a command-and-control (C2) framework called CrossC2, which is designed to extend the functionality of Cobalt Strike to other platforms like Linux and Apple macOS for cross-platform system control.
The agency said the activity was detected between September and December 2024, targeting",[],Other
thehackernews.com,Have You Turned Off Your Virtual Oven?,https://thehackernews.com/2025/08/have-you-turned-off-your-virtual-oven.html,"You check that the windows are shut before leaving home. Return to the kitchen to verify that the oven and stove were definitely turned off. Maybe even circle back again to confirm the front door was properly closed. These automatic safety checks give you peace of mind because you know the unlikely but potentially dangerous consequences of forgetting ‚Äì a break-in, fire, or worse.
Your",2025-08-14 11:25:00+00:00,"Have You Turned Off Your Virtual Oven? You check that the windows are shut before leaving home. Return to the kitchen to verify that the oven and stove were definitely turned off. Maybe even circle back again to confirm the front door was properly closed. These automatic safety checks give you peace of mind because you know the unlikely but potentially dangerous consequences of forgetting ‚Äì a break-in, fire, or worse.
Your",[],Other
thehackernews.com,"New Android Malware Wave Hits Banking via NFC Relay Fraud, Call Hijacking, and Root Exploits",https://thehackernews.com/2025/08/new-android-malware-wave-hits-banking.html,"Cybersecurity researchers have disclosed a new Android trojan called PhantomCard that abuses near-field communication (NFC) to conduct relay attacks for facilitating fraudulent transactions in attacks targeting banking customers in Brazil.
""PhantomCard relays NFC data from a victim's banking card to the fraudster's device,"" ThreatFabric said in a report. ""PhantomCard is based on",2025-08-14 11:06:00+00:00,"New Android Malware Wave Hits Banking via NFC Relay Fraud, Call Hijacking, and Root Exploits Cybersecurity researchers have disclosed a new Android trojan called PhantomCard that abuses near-field communication (NFC) to conduct relay attacks for facilitating fraudulent transactions in attacks targeting banking customers in Brazil.
""PhantomCard relays NFC data from a victim's banking card to the fraudster's device,"" ThreatFabric said in a report. ""PhantomCard is based on",[],Malware
thehackernews.com,Simple Steps for Attack Surface Reduction,https://thehackernews.com/2025/08/simple-steps-for-attack-surface.html,"Story teaser text: Cybersecurity leaders face mounting pressure to stop attacks before they start, and the best defense may come down to the settings you choose on day one. In this piece, Yuriy Tsibere explores how default policies like deny-by-default, MFA enforcement, and application Ringfencing ‚Ñ¢ can eliminate entire categories of risk. From disabling Office macros to blocking outbound server",2025-08-14 09:30:00+00:00,"Simple Steps for Attack Surface Reduction Story teaser text: Cybersecurity leaders face mounting pressure to stop attacks before they start, and the best defense may come down to the settings you choose on day one. In this piece, Yuriy Tsibere explores how default policies like deny-by-default, MFA enforcement, and application Ringfencing ‚Ñ¢ can eliminate entire categories of risk. From disabling Office macros to blocking outbound server",[],Other
thehackernews.com,Google Requires Crypto App Licenses in 15 Regions as FBI Warns of $9.9M Scam Losses,https://thehackernews.com/2025/08/google-requires-crypto-app-licenses-in.html,"Google said it's implementing a new policy requiring developers of cryptocurrency exchanges and wallets to obtain government licenses before publishing apps in 15 jurisdictions in order to ""ensure a safe and compliant ecosystem for users.""
The policy applies to markets like Bahrain, Canada, Hong Kong, Indonesia, Israel, Japan, the Philippines, South Africa, South Korea, Switzerland, Thailand,",2025-08-14 06:46:00+00:00,"Google Requires Crypto App Licenses in 15 Regions as FBI Warns of $9.9M Scam Losses Google said it's implementing a new policy requiring developers of cryptocurrency exchanges and wallets to obtain government licenses before publishing apps in 15 jurisdictions in order to ""ensure a safe and compliant ecosystem for users.""
The policy applies to markets like Bahrain, Canada, Hong Kong, Indonesia, Israel, Japan, the Philippines, South Africa, South Korea, Switzerland, Thailand,",[],Phishing
thehackernews.com,CISA Adds Two N-able N-central Flaws to Known Exploited Vulnerabilities Catalog,https://thehackernews.com/2025/08/cisa-adds-two-n-able-n-central-flaws-to.html,"The U.S. Cybersecurity and Infrastructure Security Agency (CISA) on Wednesday added two security flaws impacting N-able N-central to its Known Exploited Vulnerabilities (KEV) catalog, citing evidence of active exploitation.¬†
N-able N-central is a Remote Monitoring and Management (RMM) platform designed for Managed Service Providers (MSPs), allowing customers to efficiently manage and secure",2025-08-14 04:02:00+00:00,"CISA Adds Two N-able N-central Flaws to Known Exploited Vulnerabilities Catalog The U.S. Cybersecurity and Infrastructure Security Agency (CISA) on Wednesday added two security flaws impacting N-able N-central to its Known Exploited Vulnerabilities (KEV) catalog, citing evidence of active exploitation.¬†
N-able N-central is a Remote Monitoring and Management (RMM) platform designed for Managed Service Providers (MSPs), allowing customers to efficiently manage and secure",[],Vulnerability
thehackernews.com,New PS1Bot Malware Campaign Uses Malvertising to Deploy Multi-Stage In-Memory Attacks,https://thehackernews.com/2025/08/new-ps1bot-malware-campaign-uses.html,"Cybersecurity researchers have discovered a new malvertising campaign that's designed to infect victims with a multi-stage malware framework called PS1Bot.
""PS1Bot features a modular design, with several modules delivered used to perform a variety of malicious activities on infected systems, including information theft, keylogging, reconnaissance, and the establishment of persistent system",2025-08-13 15:46:00+00:00,"New PS1Bot Malware Campaign Uses Malvertising to Deploy Multi-Stage In-Memory Attacks Cybersecurity researchers have discovered a new malvertising campaign that's designed to infect victims with a multi-stage malware framework called PS1Bot.
""PS1Bot features a modular design, with several modules delivered used to perform a variety of malicious activities on infected systems, including information theft, keylogging, reconnaissance, and the establishment of persistent system",[],Malware
thehackernews.com,Zoom and Xerox Release Critical Security Updates Fixing Privilege Escalation and RCE Flaws,https://thehackernews.com/2025/08/zoom-and-xerox-release-critical.html,"Zoom and Xerox have addressed critical security flaws in Zoom Clients for Windows and FreeFlow Core that could allow privilege escalation and remote code execution.¬†
The vulnerability impacting Zoom Clients for Windows, tracked as CVE-2025-49457 (CVSS score: 9.6), relates to a case of an untrusted search path that could pave the way for privilege escalation.
""Untrusted search path in",2025-08-13 13:19:00+00:00,"Zoom and Xerox Release Critical Security Updates Fixing Privilege Escalation and RCE Flaws Zoom and Xerox have addressed critical security flaws in Zoom Clients for Windows and FreeFlow Core that could allow privilege escalation and remote code execution.¬†
The vulnerability impacting Zoom Clients for Windows, tracked as CVE-2025-49457 (CVSS score: 9.6), relates to a case of an untrusted search path that could pave the way for privilege escalation.
""Untrusted search path in",[],Other
thehackernews.com,Fortinet Warns About FortiSIEM Vulnerability (CVE-2025-25256) With In-the-Wild Exploit Code,https://thehackernews.com/2025/08/fortinet-warns-about-fortisiem.html,"Fortinet is alerting customers of a critical security flaw in FortiSIEM for which it said there exists an exploit in the wild.
The vulnerability, tracked as CVE-2025-25256, carries a CVSS score of 9.8 out of a maximum of 10.0.
""An improper neutralization of special elements used in an OS command ('OS Command Injection') vulnerability [CWE-78] in FortiSIEM may allow an unauthenticated attacker to",2025-08-13 11:37:00+00:00,"Fortinet Warns About FortiSIEM Vulnerability (CVE-2025-25256) With In-the-Wild Exploit Code Fortinet is alerting customers of a critical security flaw in FortiSIEM for which it said there exists an exploit in the wild.
The vulnerability, tracked as CVE-2025-25256, carries a CVSS score of 9.8 out of a maximum of 10.0.
""An improper neutralization of special elements used in an OS command ('OS Command Injection') vulnerability [CWE-78] in FortiSIEM may allow an unauthenticated attacker to",['CVE-2025-25256'],Vulnerability
thehackernews.com,AI SOC 101: Key Capabilities Security Leaders Need to Know,https://thehackernews.com/2025/08/ai-soc-101-key-capabilities-security.html,"Security operations have never been a 9-to-5 job. For SOC analysts, the day often starts and ends deep in a queue of alerts, chasing down what turns out to be false positives, or switching between half a dozen tools to piece together context. The work is repetitive, time-consuming, and high-stakes, leaving SOCs under constant pressure to keep up, yet often struggling to stay ahead of emerging",2025-08-13 11:25:00+00:00,"AI SOC 101: Key Capabilities Security Leaders Need to Know Security operations have never been a 9-to-5 job. For SOC analysts, the day often starts and ends deep in a queue of alerts, chasing down what turns out to be false positives, or switching between half a dozen tools to piece together context. The work is repetitive, time-consuming, and high-stakes, leaving SOCs under constant pressure to keep up, yet often struggling to stay ahead of emerging",[],Other
thehackernews.com,Webinar: What the Next Wave of AI Cyberattacks Will Look Like ‚Äî And How to Survive,https://thehackernews.com/2025/08/webinar-what-next-wave-of-ai.html,"The AI revolution isn‚Äôt coming. It‚Äôs already here. From copilots that write our emails to autonomous agents that can take action without us lifting a finger, AI is transforming how we work.
But here‚Äôs the uncomfortable truth: Attackers are evolving just as fast.
Every leap forward in AI gives bad actors new tools ‚Äî deepfake scams so real they trick your CFO, bots that can bypass human review,",2025-08-13 09:30:00+00:00,"Webinar: What the Next Wave of AI Cyberattacks Will Look Like ‚Äî And How to Survive The AI revolution isn‚Äôt coming. It‚Äôs already here. From copilots that write our emails to autonomous agents that can take action without us lifting a finger, AI is transforming how we work.
But here‚Äôs the uncomfortable truth: Attackers are evolving just as fast.
Every leap forward in AI gives bad actors new tools ‚Äî deepfake scams so real they trick your CFO, bots that can bypass human review,",[],Other
thehackernews.com,Microsoft August 2025 Patch Tuesday Fixes Kerberos Zero-Day Among 111 Total New Flaws,https://thehackernews.com/2025/08/microsoft-august-2025-patch-tuesday.html,"Microsoft on Tuesday rolled out fixes for a massive set of 111 security flaws across its software portfolio, including one flaw that has been disclosed as publicly known at the time of the release.
Of the 111 vulnerabilities, 16 are rated Critical, 92 are rated Important, two are rated Moderate, and one is rated Low in severity. Forty-four of the vulnerabilities relate to privilege",2025-08-13 08:47:00+00:00,"Microsoft August 2025 Patch Tuesday Fixes Kerberos Zero-Day Among 111 Total New Flaws Microsoft on Tuesday rolled out fixes for a massive set of 111 security flaws across its software portfolio, including one flaw that has been disclosed as publicly known at the time of the release.
Of the 111 vulnerabilities, 16 are rated Critical, 92 are rated Important, two are rated Moderate, and one is rated Low in severity. Forty-four of the vulnerabilities relate to privilege",[],Other
thehackernews.com,Charon Ransomware Hits Middle East Sectors Using APT-Level Evasion Tactics,https://thehackernews.com/2025/08/charon-ransomware-hits-middle-east.html,"Cybersecurity researchers have discovered a new campaign that employs a previously undocumented ransomware family called Charon to target the Middle East's public sector and aviation industry.
The threat actor behind the activity, according to Trend Micro, exhibited tactics mirroring those of advanced persistent threat (APT) groups, such as DLL side-loading, process injection, and the ability",2025-08-13 05:45:00+00:00,"Charon Ransomware Hits Middle East Sectors Using APT-Level Evasion Tactics Cybersecurity researchers have discovered a new campaign that employs a previously undocumented ransomware family called Charon to target the Middle East's public sector and aviation industry.
The threat actor behind the activity, according to Trend Micro, exhibited tactics mirroring those of advanced persistent threat (APT) groups, such as DLL side-loading, process injection, and the ability",[],Malware
krebsonsecurity.com,"SIM-Swapper, Scattered Spider Hacker Gets 10 Years",https://krebsonsecurity.com/2025/08/sim-swapper-scattered-spider-hacker-gets-10-years/,"A 21-year-old Florida man at the center of a prolific cybercrime group known as ""Scattered Spider"" was sentenced to 10 years in federal prison today, and ordered to pay roughly $13 million in restitution to victims.

Noah Michael Urban of Palm Coast, Fla. pleaded guilty in April 2025 to charges of wire fraud and conspiracy. Florida prosecutors alleged Urban conspired with others to steal at least $800,000 from five victims via SIM-swapping attacks that diverted their mobile phone calls and text messages to devices controlled by Urban and his co-conspirators.",2025-08-21 01:47:22+00:00,"SIM-Swapper, Scattered Spider Hacker Gets 10 Years A 21-year-old Florida man at the center of a prolific cybercrime group known as ""Scattered Spider"" was sentenced to 10 years in federal prison today, and ordered to pay roughly $13 million in restitution to victims.

Noah Michael Urban of Palm Coast, Fla. pleaded guilty in April 2025 to charges of wire fraud and conspiracy. Florida prosecutors alleged Urban conspired with others to steal at least $800,000 from five victims via SIM-swapping attacks that diverted their mobile phone calls and text messages to devices controlled by Urban and his co-conspirators.",[],Other
krebsonsecurity.com,Oregon Man Charged in ‚ÄòRapper Bot‚Äô DDoS Service,https://krebsonsecurity.com/2025/08/oregon-man-charged-in-rapper-bot-ddos-service/,"A 22-year-old Oregon man has been arrested on suspicion of operating ""Rapper Bot,"" a massive botnet used to power a service for launching distributed denial-of-service (DDoS) attacks against targets -- including a March 2025 DDoS that knocked Twitter/X offline. The Justice Department asserts the suspect and an unidentified co-conspirator rented out the botnet to online extortionists, and tried to stay off the radar of law enforcement by ensuring that their botnet was never pointed at KrebsOnSecurity.",2025-08-19 20:51:06+00:00,"Oregon Man Charged in ‚ÄòRapper Bot‚Äô DDoS Service A 22-year-old Oregon man has been arrested on suspicion of operating ""Rapper Bot,"" a massive botnet used to power a service for launching distributed denial-of-service (DDoS) attacks against targets -- including a March 2025 DDoS that knocked Twitter/X offline. The Justice Department asserts the suspect and an unidentified co-conspirator rented out the botnet to online extortionists, and tried to stay off the radar of law enforcement by ensuring that their botnet was never pointed at KrebsOnSecurity.",[],Other
krebsonsecurity.com,Mobile Phishers Target Brokerage Accounts in ‚ÄòRamp and Dump‚Äô Cashout Scheme,https://krebsonsecurity.com/2025/08/mobile-phishers-target-brokerage-accounts-in-ramp-and-dump-cashout-scheme/,"Cybercriminal groups peddling sophisticated phishing kits that convert stolen card data into mobile wallets have recently shifted their focus to targeting customers of brokerage services, new research shows. Undeterred by security controls at these trading platforms that block users from wiring funds directly out of accounts, the phishers have pivoted to using multiple compromised brokerage accounts in unison to manipulate the prices of foreign stocks.",2025-08-15 18:27:05+00:00,"Mobile Phishers Target Brokerage Accounts in ‚ÄòRamp and Dump‚Äô Cashout Scheme Cybercriminal groups peddling sophisticated phishing kits that convert stolen card data into mobile wallets have recently shifted their focus to targeting customers of brokerage services, new research shows. Undeterred by security controls at these trading platforms that block users from wiring funds directly out of accounts, the phishers have pivoted to using multiple compromised brokerage accounts in unison to manipulate the prices of foreign stocks.",[],Other
krebsonsecurity.com,"Microsoft Patch Tuesday, August 2025 Edition",https://krebsonsecurity.com/2025/08/microsoft-patch-tuesday-august-2025-edition/,"Microsoft today released updates to fix more than 100 security flaws in its Windows operating systems and other software. At least 13 of the bugs received Microsoft's most-dire ""critical"" rating, meaning they could be abused by malware or malcontents to gain remote access to a Windows system with little or no help from users.",2025-08-12 22:14:41+00:00,"Microsoft Patch Tuesday, August 2025 Edition Microsoft today released updates to fix more than 100 security flaws in its Windows operating systems and other software. At least 13 of the bugs received Microsoft's most-dire ""critical"" rating, meaning they could be abused by malware or malcontents to gain remote access to a Windows system with little or no help from users.",[],Other
securityweek.com,"Large Interpol Cybercrime Crackdown in Africa Leads to the Arrest of Over 1,200 Suspects",https://www.securityweek.com/large-interpol-cybercrime-crackdown-in-africa-leads-to-the-arrest-of-over-1200-suspects/,"Dubbed Operation Serengeti 2.0, the operation took place between June and August. The post Large Interpol Cybercrime Crackdown in Africa Leads to the Arrest of Over 1,200 Suspects appeared first on SecurityWeek .",2025-08-22 15:57:58+00:00,"Large Interpol Cybercrime Crackdown in Africa Leads to the Arrest of Over 1,200 Suspects Dubbed Operation Serengeti 2.0, the operation took place between June and August. The post Large Interpol Cybercrime Crackdown in Africa Leads to the Arrest of Over 1,200 Suspects appeared first on SecurityWeek .",[],Other
securityweek.com,"In Other News: McDonald‚Äôs Hack, 1,200 Arrested in Africa, DaVita Breach Grows to 2.7M",https://www.securityweek.com/in-other-news-mcdonalds-hack-1200-arrested-in-africa-davita-breach-grows-to-2-7m/,"Noteworthy stories that might have slipped under the radar: cryptojacker sentenced to prison, ECC.fail Rowhammer attack, and Microsoft limits China‚Äôs access to MAPP. The post In Other News: McDonald‚Äôs Hack, 1,200 Arrested in Africa, DaVita Breach Grows to 2.7M appeared first on SecurityWeek .",2025-08-22 13:40:01+00:00,"In Other News: McDonald‚Äôs Hack, 1,200 Arrested in Africa, DaVita Breach Grows to 2.7M Noteworthy stories that might have slipped under the radar: cryptojacker sentenced to prison, ECC.fail Rowhammer attack, and Microsoft limits China‚Äôs access to MAPP. The post In Other News: McDonald‚Äôs Hack, 1,200 Arrested in Africa, DaVita Breach Grows to 2.7M appeared first on SecurityWeek .",[],Data Breach
securityweek.com,Chinese Silk Typhoon Hackers Targeting Multiple Industries in North America,https://www.securityweek.com/chinese-silk-typhoon-hackers-exploited-commvault-zero-day/,Silk Typhoon was seen exploiting n-day and zero-day vulnerabilities for initial access to victim systems. The post Chinese Silk Typhoon Hackers Targeting Multiple Industries in North America appeared first on SecurityWeek .,2025-08-22 13:32:16+00:00,Chinese Silk Typhoon Hackers Targeting Multiple Industries in North America Silk Typhoon was seen exploiting n-day and zero-day vulnerabilities for initial access to victim systems. The post Chinese Silk Typhoon Hackers Targeting Multiple Industries in North America appeared first on SecurityWeek .,[],Other
securityweek.com,Developer Who Hacked Former Employer‚Äôs Systems Sentenced to Prison,https://www.securityweek.com/developer-who-hacked-former-employers-systems-sentenced-to-prison/,Davis Lu was sentenced to four years in prison for installing malicious code on employer‚Äôs systems and for deleting encrypted data. The post Developer Who Hacked Former Employer‚Äôs Systems Sentenced to Prison appeared first on SecurityWeek .,2025-08-22 10:54:25+00:00,Developer Who Hacked Former Employer‚Äôs Systems Sentenced to Prison Davis Lu was sentenced to four years in prison for installing malicious code on employer‚Äôs systems and for deleting encrypted data. The post Developer Who Hacked Former Employer‚Äôs Systems Sentenced to Prison appeared first on SecurityWeek .,[],Other
securityweek.com,"CPAP Medical Data Breach Impacts 90,000 People",https://www.securityweek.com/cpap-medical-data-breach-impacts-90000-people/,"CPAP Medical Supplies and Services has disclosed a data breach resulting from an intrusion that occurred in December 2024. The post CPAP Medical Data Breach Impacts 90,000 People appeared first on SecurityWeek .",2025-08-22 09:50:24+00:00,"CPAP Medical Data Breach Impacts 90,000 People CPAP Medical Supplies and Services has disclosed a data breach resulting from an intrusion that occurred in December 2024. The post CPAP Medical Data Breach Impacts 90,000 People appeared first on SecurityWeek .",[],Data Breach
securityweek.com,AWS Trusted Advisor Tricked Into Showing Unprotected S3 Buckets as Secure,https://www.securityweek.com/aws-trusted-advisor-tricked-into-showing-unprotected-s3-buckets-as-secure/,AWS has addressed a vulnerability that could have been leveraged to bypass Trusted Advisor‚Äôs S3 bucket permissions check. The post AWS Trusted Advisor Tricked Into Showing Unprotected S3 Buckets as Secure appeared first on SecurityWeek .,2025-08-22 09:09:30+00:00,AWS Trusted Advisor Tricked Into Showing Unprotected S3 Buckets as Secure AWS has addressed a vulnerability that could have been leveraged to bypass Trusted Advisor‚Äôs S3 bucket permissions check. The post AWS Trusted Advisor Tricked Into Showing Unprotected S3 Buckets as Secure appeared first on SecurityWeek .,[],Other
securityweek.com,Hundreds Targeted in New Atomic macOS Stealer Campaign,https://www.securityweek.com/hundreds-targeted-in-new-atomic-macos-stealer-campaign/,"Between June and August, over 300 entities were targeted with the Atomic macOS Stealer via malvertising. The post Hundreds Targeted in New Atomic macOS Stealer Campaign appeared first on SecurityWeek .",2025-08-22 08:04:11+00:00,"Hundreds Targeted in New Atomic macOS Stealer Campaign Between June and August, over 300 entities were targeted with the Atomic macOS Stealer via malvertising. The post Hundreds Targeted in New Atomic macOS Stealer Campaign appeared first on SecurityWeek .",[],Other
securityweek.com,MITRE Updates List of Most Common Hardware Weaknesses,https://www.securityweek.com/mitre-updates-list-of-most-common-hardware-weaknesses/,MITRE has updated the list of Most Important Hardware Weaknesses to align it with evolving hardware security challenges. The post MITRE Updates List of Most Common Hardware Weaknesses appeared first on SecurityWeek .,2025-08-22 07:43:14+00:00,MITRE Updates List of Most Common Hardware Weaknesses MITRE has updated the list of Most Important Hardware Weaknesses to align it with evolving hardware security challenges. The post MITRE Updates List of Most Common Hardware Weaknesses appeared first on SecurityWeek .,[],Other
securityweek.com,Telecom Firm Colt Confirms Data Breach as Ransomware Group Auctions Files,https://www.securityweek.com/telecom-firm-colt-confirms-data-breach-as-ransomware-group-auctions-files/,Colt Technology Services is working on restoring systems disrupted by a ransomware attack that involved data theft. The post Telecom Firm Colt Confirms Data Breach as Ransomware Group Auctions Files appeared first on SecurityWeek .,2025-08-21 14:49:03+00:00,Telecom Firm Colt Confirms Data Breach as Ransomware Group Auctions Files Colt Technology Services is working on restoring systems disrupted by a ransomware attack that involved data theft. The post Telecom Firm Colt Confirms Data Breach as Ransomware Group Auctions Files appeared first on SecurityWeek .,[],Malware
securityweek.com,Scattered Spider Hacker Sentenced to Prison,https://www.securityweek.com/scattered-spider-hacker-sentenced-to-prison/,Noah Urban was sentenced to 10 years in prison for his role in the notorious cybercriminal operation known as Scattered Spider. The post Scattered Spider Hacker Sentenced to Prison appeared first on SecurityWeek .,2025-08-21 12:32:56+00:00,Scattered Spider Hacker Sentenced to Prison Noah Urban was sentenced to 10 years in prison for his role in the notorious cybercriminal operation known as Scattered Spider. The post Scattered Spider Hacker Sentenced to Prison appeared first on SecurityWeek .,[],Other
bleepingcomputer.com,Murky Panda hackers exploit cloud trust to hack downstream customers,https://www.bleepingcomputer.com/news/security/murky-panda-hackers-exploit-cloud-trust-to-hack-downstream-customers/,A Chinese state-sponsored hacking group known as Murky Panda (Silk Typhoon) exploits trusted relationships in cloud environments to gain initial access to the networks and data of downstream customers. [...],2025-08-22 21:56:16+00:00,Murky Panda hackers exploit cloud trust to hack downstream customers A Chinese state-sponsored hacking group known as Murky Panda (Silk Typhoon) exploits trusted relationships in cloud environments to gain initial access to the networks and data of downstream customers. [...],[],Vulnerability
bleepingcomputer.com,APT36 hackers abuse Linux .desktop files to install malware in new attacks,https://www.bleepingcomputer.com/news/security/apt36-hackers-abuse-linux-desktop-files-to-install-malware/,The Pakistani APT36 cyberspies are using Linux .desktop files to load malware in new attacks against government and defense entities in India. [...],2025-08-22 18:35:11+00:00,APT36 hackers abuse Linux .desktop files to install malware in new attacks The Pakistani APT36 cyberspies are using Linux .desktop files to load malware in new attacks against government and defense entities in India. [...],[],Malware
bleepingcomputer.com,Fake Mac fixes trick users into installing new Shamos infostealer,https://www.bleepingcomputer.com/news/security/fake-mac-fixes-trick-users-into-installing-new-shamos-infostealer/,"A new infostealer malware targeting Mac devices, called 'Shamos,' is targeting Mac devices in ClickFix attacks that impersonate troubleshooting guides and fixes. [...]",2025-08-22 15:44:10+00:00,"Fake Mac fixes trick users into installing new Shamos infostealer A new infostealer malware targeting Mac devices, called 'Shamos,' is targeting Mac devices in ClickFix attacks that impersonate troubleshooting guides and fixes. [...]",[],Other
bleepingcomputer.com,Microsoft: August Windows updates cause severe streaming issues,https://www.bleepingcomputer.com/news/microsoft/microsoft-august-windows-updates-cause-severe-ndi-streaming-issues/,Microsoft has confirmed that the August 2025 security updates are causing severe lag and stuttering issues with NDI streaming software on some Windows 10 and Windows 11 systems. [...],2025-08-22 12:25:39+00:00,Microsoft: August Windows updates cause severe streaming issues Microsoft has confirmed that the August 2025 security updates are causing severe lag and stuttering issues with NDI streaming software on some Windows 10 and Windows 11 systems. [...],[],Other
bleepingcomputer.com,"Massive anti-cybercrime operation leads to over 1,200 arrests in Africa",https://www.bleepingcomputer.com/news/security/massive-anti-cybercrime-operation-leads-to-over-1-200-arrests-in-africa/,"Law enforcement authorities in Africa have arrested over 1,200 suspects as part of 'Operation Serengeti 2.0,' an INTERPOL-led international crackdown targeting cross-border cybercriminal gangs. [...]",2025-08-22 10:08:13+00:00,"Massive anti-cybercrime operation leads to over 1,200 arrests in Africa Law enforcement authorities in Africa have arrested over 1,200 suspects as part of 'Operation Serengeti 2.0,' an INTERPOL-led international crackdown targeting cross-border cybercriminal gangs. [...]",[],Other
bleepingcomputer.com,DaVita says ransomware gang stole data of nearly 2.7 million people,https://www.bleepingcomputer.com/news/security/davita-ransomware-attack-exposed-data-of-nearly-27-million-people/,Kidney dialysis firm DaVita has confirmed that a ransomware gang that breached its network stole the personal and health information of nearly 2.7 million individuals. [...],2025-08-22 09:38:14+00:00,DaVita says ransomware gang stole data of nearly 2.7 million people Kidney dialysis firm DaVita has confirmed that a ransomware gang that breached its network stole the personal and health information of nearly 2.7 million individuals. [...],[],Malware
bleepingcomputer.com,Dev gets 4 years for creating kill switch on ex-employer's systems,https://www.bleepingcomputer.com/news/security/dev-gets-4-years-for-creating-kill-switch-on-ex-employers-systems/,A software developer has been sentenced to four years in prison for sabotaging his ex-employer's Windows network with custom malware and a kill switch that locked out employees when his account was disabled. [...],2025-08-21 23:46:26+00:00,Dev gets 4 years for creating kill switch on ex-employer's systems A software developer has been sentenced to four years in prison for sabotaging his ex-employer's Windows network with custom malware and a kill switch that locked out employees when his account was disabled. [...],[],Other
bleepingcomputer.com,Colt confirms customer data stolen as Warlock ransomware auctions files,https://www.bleepingcomputer.com/news/security/colt-confirms-customer-data-stolen-as-warlock-ransomware-auctions-files/,UK-based¬†telecommunications company Colt Technology Services confirms that customer documentation was stolen as Warlock ransomware gang auctions files. [...],2025-08-21 20:41:07+00:00,Colt confirms customer data stolen as Warlock ransomware auctions files UK-based¬†telecommunications company Colt Technology Services confirms that customer documentation was stolen as Warlock ransomware gang auctions files. [...],[],Malware
bleepingcomputer.com,"Europol confirms $50,000 Qilin ransomware reward is fake",https://www.bleepingcomputer.com/news/security/europol-confirms-that-qilin-ransomware-reward-is-fake/,"Europol has confirmed that a Telegram channel impersonating the agency and offering a $50,000 reward for information on two Qilin ransomware administrators is fake. The impostor later admitted it was created to troll researchers and journalists. [...]",2025-08-21 16:25:25+00:00,"Europol confirms $50,000 Qilin ransomware reward is fake Europol has confirmed that a Telegram channel impersonating the agency and offering a $50,000 reward for information on two Qilin ransomware administrators is fake. The impostor later admitted it was created to troll researchers and journalists. [...]",[],Malware
bleepingcomputer.com,Microsoft asks customers for feedback on reported SSD failures,https://www.bleepingcomputer.com/news/microsoft/microsoft-asks-customers-for-feedback-on-ssd-failure-issues/,‚ÄãMicrosoft is seeking further information from customers who reported failure and data corruption issues affecting their solid-state drives (SSDs) and hard disk drives (HDDs) after installing the August 2025 security update. [...],2025-08-21 14:48:35+00:00,Microsoft asks customers for feedback on reported SSD failures ‚ÄãMicrosoft is seeking further information from customers who reported failure and data corruption issues affecting their solid-state drives (SSDs) and hard disk drives (HDDs) after installing the August 2025 security update. [...],[],Other
bleepingcomputer.com,Why Certified VMware Pros Are Driving the Future of IT,https://www.bleepingcomputer.com/news/security/why-certified-vmware-pros-are-driving-the-future-of-it/,"From hybrid cloud to AI, IT complexity and security risks are accelerating. Certified VMware pros bring clarity and resilience that keep teams ahead. See why CIOs are making certification a workforce strategy with VMUG. [...]",2025-08-21 13:53:34+00:00,"Why Certified VMware Pros Are Driving the Future of IT From hybrid cloud to AI, IT complexity and security risks are accelerating. Certified VMware pros bring clarity and resilience that keep teams ahead. See why CIOs are making certification a workforce strategy with VMUG. [...]",[],Other
bleepingcomputer.com,FBI warns of Russian hackers exploiting 7-year-old Cisco flaw,https://www.bleepingcomputer.com/news/security/fbi-warns-of-russian-hackers-exploiting-cisco-flaw-in-critical-infrastructure-attacks/,The Federal Bureau of Investigation (FBI) has warned that hackers linked to Russia's Federal Security Service (FSB) are targeting critical infrastructure organizations in attacks exploiting a 7-year-old vulnerability in Cisco devices. [...],2025-08-21 12:04:08+00:00,FBI warns of Russian hackers exploiting 7-year-old Cisco flaw The Federal Bureau of Investigation (FBI) has warned that hackers linked to Russia's Federal Security Service (FSB) are targeting critical infrastructure organizations in attacks exploiting a 7-year-old vulnerability in Cisco devices. [...],[],Vulnerability
